pokemon,coordinates
Machoke,"[31.445398005630054, 5.634905916753981]"
Machop,"[3.586566583915727, 1.8700806450660623]"
Dugtrio,"[1.6634107155798095, 5.776035778221535]"
Tauros,"[0.2009863621576402, 9.941813707933967]"
Snorlax,"[26.972490904133043, 9.957007342171252]"
Mankey,"[38.04000913626969, 8.57313267355103]"
Electrode,"[21.983776955090324, 0.22512059009943575]"
Exeggcute,"[35.29859641052892, 7.154676024593956]"
Weedle,"[35.03967606802652, 1.2637612636906115]"
Venonat,"[10.284280337874856, 8.131837232960763]"
Fearow,"[16.077224565073767, 7.457573382363931]"
Omanyte,"[10.411488304598908, 6.341561499814487]"
Mr. Mime,"[14.004459662983972, 2.4462477042614728]"
Articuno,"[31.579489094509587, 0.36864263812350195]"
Articuno,"[39.45578479676659, 3.902087803425447]"
Articuno,"[27.157517524622712, 3.715325799226865]"
Lickitung,"[30.221131463264527, 6.990202133741288]"
Charmeleon,"[1.3374632894703442, 8.839749473410937]"
Krabby,"[35.34973520494862, 1.5028971264479074]"
Gloom,"[13.474982726384358, 8.047377473760394]"
Nidoking,"[9.719216127515317, 7.190498902165428]"
Jynx,"[0.48215355998211695, 5.401009788016728]"
Jynx,"[30.893519138828168, 8.2780122772668]"
Kakuna,"[24.208457173765538, 1.9507721671594591]"
Onix,"[6.147366073506535, 4.507213079558712]"
Jynx,"[2.097245975870865, 7.245570130794827]"
Marowak,"[33.77471424112477, 0.8911686696292909]"
Zapdos,"[39.77535103003635, 1.8132532779656674]"
Alakazam,"[13.875446747283519, 6.14279531708128]"
Slowpoke,"[29.900492519265775, 9.79318434728133]"
Zubat,"[16.81057591430871, 7.800972002302769]"
Pidgeot,"[10.909187074734628, 2.8269522443474013]"
Dratini,"[13.433465891832995, 7.358845723340009]"
Metapod,"[23.251337152916754, 3.619901635461562]"
Kabutops,"[39.814433030513385, 8.092220438401348]"
Electrode,"[29.382059926848285, 3.982025620459173]"
Wigglytuff,"[10.44921273787959, 4.16222896960959]"
Persian,"[33.6478912719958, 4.850265355979139]"
Hypno,"[2.1398148072313905, 9.843080207241306]"
Dragonair,"[7.289428040681618, 3.9257589063363896]"
Seadra,"[17.669733888499483, 6.124409475581105]"
Tauros,"[10.251176051667738, 2.662113965564208]"
Electrode,"[31.92503314062078, 7.415842717435105]"
Oddish,"[15.66571270709574, 5.220351901527827]"
Dratini,"[18.512290997022276, 4.930947040585366]"
Poliwag,"[12.277596891059218, 4.205844868628205]"
Omastar,"[35.73066085649331, 9.435276416643603]"
Charmeleon,"[19.94948054358138, 0.28557208194487704]"
Mr. Mime,"[15.353445846831786, 9.971263865688364]"
Vaporeon,"[5.296557574930318, 1.0194403973036648]"
Rapidash,"[36.295269979466596, 3.2267556954207564]"
Chansey,"[2.39300993148829, 2.749594918404709]"
Rhydon,"[17.622421037182896, 7.190637994271031]"
Weepinbell,"[37.32178127627191, 1.196091868192628]"
Machoke,"[3.114926221069285, 8.66212981891356]"
Rapidash,"[39.919763680013475, 7.667831670431444]"
Scyther,"[23.862572386780847, 6.6894285554637865]"
Voltorb,"[7.480496673714816, 8.714285201572029]"
Graveler,"[9.53331535350097, 9.104891976022861]"
Farfetch'd,"[31.706479319822375, 6.507066254871954]"
Graveler,"[31.23052435510583, 1.7136767138472975]"
Weepinbell,"[2.9360085186449414, 2.8550424352972383]"
Kabuto,"[39.17918683127157, 5.910503647901174]"
Venusaur,"[14.051430403076637, 0.8257353137796741]"
Pikachu,"[33.38495420232057, 1.8654655872836912]"
Ninetales,"[8.007563868803835, 2.310769532929281]"
Mr. Mime,"[4.736640915919148, 0.8312490946992401]"
Poliwhirl,"[4.465292662252089, 7.9957265163824935]"
Pikachu,"[10.4377599802321, 2.883037208279189]"
Poliwrath,"[6.881980210047192, 1.165813917357117]"
Starmie,"[13.60539110758323, 7.08963064410972]"
Clefable,"[7.512217781240826, 3.5644020071792317]"
Gengar,"[16.06478902549337, 9.095765770397758]"
Starmie,"[2.257361084038987, 3.695968431192025]"
Butterfree,"[8.689396080049828, 8.472031711235887]"
Rhyhorn,"[10.846856015618433, 0.4500478397054053]"
Rhyhorn,"[32.4527813023042, 6.337827733479462]"
Lapras,"[14.152178176417367, 4.173121973346358]"
Raichu,"[13.17806126754256, 0.16701855231640472]"
Dewgong,"[8.466679474373503, 1.6341283809330232]"
Growlithe,"[25.6237089762431, 0.5374595926338022]"
Jynx,"[17.39905772574273, 4.414943607020883]"
Squirtle,"[24.684430958705356, 1.7781908602464946]"
Kingler,"[8.674186820173624, 6.186555786487258]"
Gengar,"[30.385836201904446, 7.763001493820801]"
Snorlax,"[22.731884475583474, 8.162666823404228]"
Venusaur,"[9.49229083446442, 3.898345616774929]"
Tentacruel,"[20.475888165694904, 9.91080995809791]"
Psyduck,"[20.49340030132818, 1.246037158688329]"
Poliwrath,"[6.526905039035902, 9.55227241811082]"
Tentacruel,"[30.505390598999384, 4.168340628107842]"
Zapdos,"[34.645489043328375, 7.142994272222335]"
Nidorino,"[33.54613592535061, 5.433269538648623]"
Aerodactyl,"[12.583249845434906, 5.694870091585561]"
Lickitung,"[9.69559342330295, 5.597774248587721]"
Seadra,"[17.04151988195161, 2.8751309661637805]"
Hitmonchan,"[34.129045801525855, 2.798387000335115]"
Seel,"[32.818808419755975, 5.206447446526607]"
Geodude,"[31.6368690105385, 2.38216302951054]"
Ponyta,"[16.988860874737192, 8.428377083635244]"
Ditto,"[5.763399129762443, 0.07827641743240799]"
Omanyte,"[4.295083994232161, 5.992106292078211]"
Weedle,"[9.941751191558978, 6.310201907465233]"
Eevee,"[9.957655320791874, 1.7799449721465366]"
Raichu,"[15.582317600274482, 0.963250259904872]"
Persian,"[7.108759113171752, 7.207640439744136]"
Kabutops,"[2.0780729460732417, 2.180584927290475]"
Wigglytuff,"[18.741407910453567, 2.626929201850251]"
Raticate,"[22.263898456901074, 8.325049930640706]"
Machamp,"[30.780980686031647, 1.4051806103711728]"
Squirtle,"[18.50942449200074, 8.721397055200574]"
Staryu,"[38.736859673967075, 5.234939831016802]"
Persian,"[8.787195834522596, 9.227605065191286]"
Pidgeot,"[1.2453523185279458, 5.971494944811243]"
Alakazam,"[11.283631858533742, 7.131003311181683]"
Fearow,"[31.17187698854794, 4.8214381125544845]"
Nidoking,"[38.7844493111064, 4.508530602533753]"
Magneton,"[17.313788005383163, 0.6975282746547329]"
Sandslash,"[10.259068781969232, 4.848847392864469]"
Koffing,"[34.746299826644346, 4.493251371178143]"
Rhydon,"[32.15514341490702, 9.089220684638605]"
Blastoise,"[6.732950010472218, 0.7831075943573229]"
Kakuna,"[9.426145345679773, 4.429858186107632]"
Dragonite,"[8.645924579578477, 1.5194197850333924]"
Raticate,"[16.701204015267628, 5.35676742428873]"
Golem,"[27.732297979508363, 0.5870790861998576]"
Pinsir,"[4.432161651099369, 0.774702524487425]"
Kakuna,"[13.144734809379743, 3.0276877267875824]"
Arcanine,"[31.973897985652915, 5.484843962118474]"
Shellder,"[26.20387284272665, 4.228670179382249]"
Dratini,"[16.821368054960836, 4.109541948879737]"
Chansey,"[4.996698347302324, 8.435469077023235]"
Seel,"[21.2758491897116, 7.562330106679895]"
Pidgey,"[10.08017272472356, 6.756426289467359]"
Nidoran♂,"[20.508515836027303, 6.388824551466178]"
Golem,"[36.53083132855626, 6.294766395994583]"
Nidoran♂,"[5.232791542017496, 0.7057697740520474]"
Arcanine,"[36.91507464210356, 5.277453562949868]"
Lickitung,"[3.9145525327935626, 2.709477678355027]"
Ditto,"[12.503361937077727, 7.8106462089118445]"
Poliwhirl,"[14.286434291154366, 2.876771376502183]"
Moltres,"[11.356706526313891, 3.3576805009185904]"
Fearow,"[16.64683523234899, 8.366828429320028]"
Beedrill,"[1.812707283842423, 2.751786088040824]"
Fearow,"[15.664641167832581, 6.201207383049461]"
Chansey,"[27.859001874509758, 2.628398709980757]"
Meowth,"[35.38357326560688, 8.064073660981443]"
Hypno,"[6.687394218235854, 0.1215035925024266]"
Poliwag,"[0.22843791166123673, 4.57086841471444]"
Squirtle,"[1.6943137495493898, 3.3966642088201047]"
Zubat,"[33.05772177464447, 2.900021761988146]"
Weezing,"[17.59110376364537, 9.276865319944427]"
Sandslash,"[24.677125369165584, 5.575399418040018]"
Chansey,"[5.075136949996608, 7.371014481464902]"
Nidoran♂,"[2.531453528569072, 2.6475202233739514]"
Dugtrio,"[2.3800648911833644, 3.415348286297313]"
Arbok,"[0.32310231154787594, 5.969818987815961]"
Articuno,"[5.110314227323509, 8.233583689106284]"
Gengar,"[0.2454827906273227, 9.009276090400027]"
Machoke,"[15.416990910546442, 5.86298005134492]"
Gyarados,"[25.186762385949816, 5.04620786244375]"
Muk,"[15.590391412223351, 9.040247459971383]"
Primeape,"[8.980789530059763, 5.977470012778239]"
Parasect,"[8.272675208279384, 7.6147106173838335]"
Magnemite,"[26.917474360710855, 3.1630261658856593]"
Dragonair,"[7.968515328451775, 3.7875689589200787]"
Pidgeotto,"[21.34454228242063, 0.2716765767561735]"
Fearow,"[23.105875544502013, 9.122418215130581]"
Farfetch'd,"[38.96422405753472, 3.2502444248059135]"
Horsea,"[34.016191518908904, 7.921182306279575]"
Ivysaur,"[30.361486724278755, 0.35811810421043533]"
Charmeleon,"[1.9665108193357606, 2.7514537457747323]"
Machop,"[7.869239315848198, 7.2658278358471655]"
Rapidash,"[21.69579601222626, 4.285475646573507]"
Rhyhorn,"[4.738788713095512, 7.5866964910440355]"
Farfetch'd,"[2.0380996235044924, 7.48630435422601]"
Magnemite,"[6.614164723047908, 9.799064778813195]"
Blastoise,"[10.712092345522088, 5.050694567714915]"
Parasect,"[12.177493818213282, 0.3129623195833553]"
Seel,"[17.353910235771664, 2.6611101197657905]"
Weezing,"[16.67657826739138, 4.8168680196449944]"
Bulbasaur,"[25.483871225957067, 1.2928621825026199]"
Grimer,"[29.40257925698465, 9.907045669444493]"
Poliwhirl,"[17.05811941197499, 7.508548425411062]"
Golem,"[38.77587117158825, 4.758424909612133]"
Onix,"[33.73521201325308, 5.940325514435166]"
Marowak,"[39.41664938529355, 8.500225385141103]"
Venonat,"[36.276994355905494, 6.613904934117775]"
Chansey,"[4.684661020040446, 6.280416816821258]"
Meowth,"[31.448756740982844, 4.02928762350002]"
Pinsir,"[33.5410517902428, 1.1670973433580722]"
Drowzee,"[0.35984404110565027, 5.8619423404574365]"
Doduo,"[5.226345484986132, 6.156254037942206]"
Rhydon,"[25.90479195362114, 5.36048812223349]"
Electabuzz,"[25.429567860061454, 9.196848609746311]"
Articuno,"[25.332977094227772, 0.2745947807352811]"
Geodude,"[2.5961964251815983, 3.904417066852507]"
Jigglypuff,"[25.94738223729371, 6.844958759104486]"
Nidorina,"[1.138031517478293, 4.788449000779057]"
Flareon,"[37.822736590251374, 5.280428604189095]"
Paras,"[2.2599681440582975, 5.0165152097739165]"
Kadabra,"[24.950080396068092, 9.136818645232013]"
Doduo,"[18.44903935969938, 3.4183783536709034]"
Ivysaur,"[23.622515468337873, 1.4412750057171286]"
Hitmonchan,"[3.7302876654246875, 9.42097737764692]"
Dratini,"[6.4295201501122135, 4.630679955398391]"
Rhydon,"[3.035023350263608, 5.20694993393632]"
Growlithe,"[15.564627663513559, 6.145223448254077]"
Dugtrio,"[32.335101990669614, 5.1708188566202935]"
Magnemite,"[37.89608540788838, 8.444234221104693]"
Poliwag,"[18.25319916819463, 5.299826039249523]"
Kangaskhan,"[11.363339748090372, 1.3073823629664683]"
Mankey,"[23.414118325430614, 8.972408952983917]"
Caterpie,"[22.763216136880718, 0.5816475753381745]"
Abra,"[26.336047733221875, 1.4597120085232262]"
Nidoran♀,"[6.4584154327647525, 8.55877201171029]"
Primeape,"[1.0724343398990044, 4.186747624352752]"
Muk,"[18.17242885861313, 2.2612597566860204]"
Scyther,"[31.68101814160902, 3.1582177849025674]"
Magmar,"[10.757671739452363, 6.935780593360695]"
Poliwrath,"[38.527854124693604, 8.243812252344881]"
Nidoran♀,"[29.329596229716422, 7.431275942979754]"
Electrode,"[1.6631638887715994, 0.8368894859221021]"
Magikarp,"[32.58347161448271, 8.98601337229347]"
Kadabra,"[18.795169487885467, 4.77512109165593]"
Seadra,"[1.841200347737546, 3.5523308582886113]"
Spearow,"[0.6866283139286722, 0.891467016709403]"
Muk,"[21.76014192701167, 1.2556057474006277]"
Wartortle,"[23.16598957832367, 5.391677590978713]"
Lickitung,"[38.405738090060886, 2.057395666614419]"
Ponyta,"[18.684461530284054, 0.4399299687073588]"
Mew,"[32.024340524779745, 1.9592907458932163]"
Kakuna,"[0.45311802237149035, 7.761311028540617]"
Farfetch'd,"[3.374190630726006, 6.514721068391784]"
Rattata,"[31.343599031300467, 2.0451965379226236]"
Kangaskhan,"[37.50357285368867, 6.628827953073236]"
Cloyster,"[0.37643904084805335, 1.7229072567102366]"
Vaporeon,"[23.306875385004165, 1.4944824499130216]"
Aerodactyl,"[39.13375348311837, 6.31081323403457]"
Goldeen,"[39.959151788451024, 2.141117145583703]"
Slowpoke,"[9.352099311680643, 5.404870667676482]"
Pidgeot,"[2.3505709012834597, 5.340563380119243]"
Parasect,"[13.933573397899558, 0.915737033840961]"
Ponyta,"[16.608368703164153, 5.645248723639379]"
Machop,"[36.72583101630674, 5.30017760327841]"
Alakazam,"[9.56090986307277, 6.24021158950416]"
Ekans,"[1.6701894808154805, 8.752556688776673]"
Scyther,"[8.063104530310529, 4.612917348217134]"
Voltorb,"[19.932236970683203, 1.5283928778857914]"
Staryu,"[39.29848238902117, 6.84016983049736]"
Scyther,"[1.7634015832602135, 6.161490859831282]"
Kabuto,"[19.159686849973298, 3.706287044660508]"
Gyarados,"[1.1400397186249744, 2.5628317358016437]"
Kadabra,"[2.6351686390834894, 0.5207669374688251]"
Golbat,"[25.43694616602974, 8.66287871104866]"
Nidoran♀,"[33.47606228313958, 2.5232078574874572]"
Porygon,"[4.787685079099844, 7.2382842411877935]"
Zubat,"[1.2135317549358193, 3.403273850363159]"
Arbok,"[39.67086474677547, 0.28908536757403014]"
Venonat,"[35.297438168446135, 0.1274286699733007]"
Arbok,"[24.100576053230146, 3.0012680783032195]"
Gloom,"[11.264374406124169, 5.495033230487698]"
Kadabra,"[31.95341214547384, 3.243640630227016]"
Raichu,"[23.769692887769565, 6.769364388590578]"
Gloom,"[6.080343007749027, 8.864223577242054]"
Chansey,"[34.86337452168576, 4.866364087697953]"
Ekans,"[5.470353939397481, 4.052583683167273]"
Jolteon,"[35.90711800752034, 6.241716153641189]"
Pidgeot,"[25.24353258188244, 1.9815419911537524]"
Poliwag,"[12.509386112834706, 7.555479986749355]"
Beedrill,"[39.84662957089834, 8.675565706069392]"
Ninetales,"[21.3633691166368, 5.424532614084016]"
Gengar,"[29.80577953615382, 6.307219064737646]"
Snorlax,"[32.14751599215356, 8.758222875434194]"
Tentacool,"[18.538550585681225, 9.881911887906282]"
Pikachu,"[18.47524680057767, 4.108275044599625]"
Dragonair,"[18.453003770244187, 8.370063907066461]"
Electrode,"[11.275429342671138, 2.6011331790639036]"
Lickitung,"[3.36210575413475, 6.926543785549786]"
Mew,"[25.825099254074885, 0.839066959586724]"
Clefairy,"[3.6498555093793517, 5.948141157124798]"
Clefairy,"[9.391926290960551, 3.6756571363978283]"
Squirtle,"[10.338139177200777, 1.9665032243676828]"
Magnemite,"[25.927137534618293, 0.6291374514340564]"
Seaking,"[27.76021400873266, 1.27309415151164]"
Mewtwo,"[31.905301517456554, 7.881894067343965]"
Raticate,"[21.79540523717778, 9.493653311828849]"
Kabutops,"[32.38297610171473, 4.346085946493776]"
Oddish,"[16.54353282518606, 1.3873703961487682]"
Onix,"[15.70156323086299, 9.256990419430661]"
Abra,"[6.01036257356534, 7.911483792254152]"
Vulpix,"[6.662468619644337, 5.64268167282325]"
Seadra,"[2.6758134855404014, 3.538554699495399]"
Dratini,"[3.6726786635746045, 5.592612381500261]"
Sandshrew,"[37.65011164061983, 7.853948221593856]"
Horsea,"[23.2628060484284, 5.25595971446029]"
Parasect,"[38.22487813286577, 9.959639312310436]"
Gastly,"[2.698446413975457, 0.04812852150032021]"
Blastoise,"[3.7710790848411424, 7.540260850756226]"
Venomoth,"[4.15453694627411, 5.819244697610185]"
Nidoran♂,"[4.493239880940281, 1.8120358930186864]"
Squirtle,"[10.740499895694082, 8.956354292931636]"
Lickitung,"[10.312422819906196, 5.820325833162379]"
Gengar,"[29.970290559678162, 5.728436376088593]"
Slowbro,"[6.184260034193216, 8.55360093868772]"
Primeape,"[8.46452081620332, 0.7879823269606467]"
Eevee,"[31.848330192586154, 5.71083273444164]"
Machop,"[32.9945890674852, 8.8512923244892]"
Raichu,"[38.35834601041035, 6.123923678295035]"
Vulpix,"[17.289585075149787, 0.026524183094143172]"
Exeggutor,"[6.053868298494498, 5.999575908015645]"
Charmeleon,"[22.785839396112692, 9.031792233399916]"
Vaporeon,"[21.490380560903795, 6.043619355485469]"
Omastar,"[28.8601962433368, 7.882096816077841]"
Doduo,"[1.323732658621335, 3.7074285029370504]"
Psyduck,"[2.4094159304518525, 2.6327329119152045]"
Rhydon,"[19.2677863202853, 5.408146243548996]"
Nidoran♂,"[20.0847465672893, 0.3805506286414573]"
Articuno,"[15.93413261637631, 0.584753547946053]"
Voltorb,"[7.381984721128307, 1.4641072868645533]"
Bellsprout,"[34.59977746697469, 9.457286153521828]"
Sandslash,"[10.918003799269185, 5.214015208697628]"
Mankey,"[17.729902268694385, 9.446377262363935]"
Cubone,"[8.694706051455112, 5.278580573388246]"
Machamp,"[4.873185745314652, 6.684587708963638]"
Drowzee,"[17.19392659357743, 2.886591017759419]"
Nidorina,"[33.52775784739189, 1.455078058376722]"
Jolteon,"[13.257478770960658, 5.70813931569877]"
Pidgey,"[2.4490762657400733, 3.6731669703763026]"
Eevee,"[34.022974937837915, 2.808738734372148]"
Venomoth,"[1.5991305842096581, 4.1077549238728]"
Sandslash,"[2.737190448944542, 2.5341598566990067]"
Porygon,"[38.519892765513056, 9.526531077969087]"
Vileplume,"[30.88886156012109, 8.522410369327613]"
Paras,"[12.651721117684009, 9.105521519420618]"
Golduck,"[19.868549768587943, 8.155710621931844]"
Squirtle,"[27.843646124048934, 6.86348602187051]"
Mankey,"[26.241116365678295, 1.2958885251624264]"
Poliwhirl,"[20.7956196305312, 9.00276020104903]"
Squirtle,"[17.487918301938183, 0.5150126242393993]"
Kakuna,"[20.64895523060969, 8.436925587115269]"
Staryu,"[13.092173516599388, 2.1510663586942913]"
Fearow,"[17.053072213267818, 0.30122323709463106]"
Haunter,"[16.221013085792034, 1.5189970381060958]"
Kangaskhan,"[18.566089362259383, 1.7046006738044073]"
Vulpix,"[24.17741694066255, 2.8333298789498618]"
Venomoth,"[39.732302805729574, 1.775810929811733]"
Cloyster,"[13.319036716518946, 6.421815878916316]"
Nidoran♂,"[36.679017768600126, 2.837058489022567]"
Staryu,"[22.135889065832085, 3.9089032364542065]"
Machamp,"[11.459514660241993, 1.6973707580813702]"
Tentacruel,"[7.954893914631023, 7.9642519420964195]"
Seadra,"[33.79873705216208, 6.82915013578322]"
Vaporeon,"[15.390653716332023, 3.7044048194249948]"
Electabuzz,"[4.90345298413529, 2.109331042711796]"
Pidgeotto,"[15.388133984442746, 9.68529625088583]"
Poliwhirl,"[24.44385002161677, 7.082778807381718]"
Venomoth,"[33.83570135534601, 3.4933993657569284]"
Rhydon,"[2.5669619940623534, 3.694508032419046]"
Venonat,"[11.872595007642799, 4.913092824758355]"
Sandslash,"[15.230466454011617, 4.296460015763102]"
Raichu,"[32.26630705934342, 6.4502818852559916]"
Tentacool,"[37.14307079239927, 3.3442665878411892]"
Growlithe,"[10.629060848513895, 1.3904072250916255]"
Machoke,"[14.467151242295948, 7.617966149844301]"
Paras,"[30.74303013788199, 6.8756804656638995]"
Pikachu,"[4.98533325215095, 0.8830296339591293]"
Hitmonlee,"[4.3031467064433615, 6.745773774780339]"
Mr. Mime,"[1.0007974621484106, 1.2754397266608553]"
Mr. Mime,"[0.15474275306512908, 7.558389107796258]"
Blastoise,"[35.682415376077465, 8.760445348428437]"
Growlithe,"[30.062841821109856, 7.950997551413712]"
Pinsir,"[33.85868446380754, 0.877343414185876]"
Muk,"[23.79156306266478, 0.028951043677132304]"
Meowth,"[4.5655217728086805, 5.000180438427951]"
Mr. Mime,"[10.790007164675806, 8.093571909012262]"
Mewtwo,"[32.07292960049107, 8.551523551465204]"
Sandslash,"[32.52115652298351, 1.7416082184368387]"
Flareon,"[16.791353456319232, 0.7192251216172996]"
Dragonair,"[16.815098410406858, 1.0181204120989074]"
Mewtwo,"[2.8128606806514966, 5.202606737417933]"
Pidgeot,"[26.703012598956406, 5.322789778929361]"
Oddish,"[26.177947250285285, 7.999807719667251]"
Electabuzz,"[17.823181950514307, 3.9779318298332167]"
Arbok,"[19.482014338526362, 1.695467590575529]"
Cubone,"[23.26062813662434, 2.659618147074696]"
Oddish,"[16.644895075666458, 7.549959111575112]"
Kingler,"[38.558452936702636, 7.125218332474411]"
Kabutops,"[16.69625923988436, 1.0808877063818367]"
Chansey,"[9.526653538092699, 9.69231171881453]"
Venusaur,"[2.286717809799401, 1.392146144572457]"
Nidoqueen,"[6.0907670355848875, 0.1301166889211791]"
Geodude,"[8.117291321514756, 1.634176180171294]"
Hitmonchan,"[33.9641637789586, 6.829298461372767]"
Machop,"[5.876852690878862, 1.5258067965006494]"
Drowzee,"[32.34777839533934, 1.4996765160042769]"
Weedle,"[38.200706747507695, 0.41154220743342185]"
Moltres,"[9.614683779699558, 7.522016603742956]"
Nidoran♀,"[8.653149631680614, 0.4476526310041973]"
Seadra,"[19.310019890758355, 2.4498000023014943]"
Mankey,"[1.1275643627856846, 2.0974016013007954]"
Chansey,"[0.8818163792997069, 4.17774313873725]"
Kadabra,"[27.161287424519266, 4.56762555632092]"
Abra,"[6.159905344131222, 9.022492327868]"
Venomoth,"[25.197057601753905, 8.084708367152476]"
Grimer,"[13.118686904560445, 3.0404093563376824]"
Sandslash,"[38.96609038093868, 3.9701827451794545]"
Sandshrew,"[24.89949842471043, 6.4424815580795345]"
Dratini,"[23.613045865899572, 8.440284916284313]"
Machop,"[19.06460452406085, 4.9144003818539375]"
Venusaur,"[37.74288396495712, 3.6885277024331655]"
Dragonair,"[19.213653628839307, 2.1567435294328474]"
Growlithe,"[18.117986927295924, 3.993761941108583]"
Charmander,"[7.263334513550195, 4.207299807446344]"
Mew,"[30.81399075592117, 9.570604119643303]"
Venomoth,"[23.564183619602286, 8.028752165778783]"
Paras,"[24.03530126167988, 9.637784728549967]"
Beedrill,"[33.148310239294446, 2.736993836169719]"
Electrode,"[9.49839033157588, 6.403470043612526]"
Jynx,"[8.782199554053062, 7.814638899671199]"
Geodude,"[31.85189125177965, 1.7437834925828444]"
Poliwhirl,"[16.294143296529654, 6.253202343533502]"
Jynx,"[11.246736537917638, 4.557478426724578]"
Seadra,"[22.9615443028835, 0.45871833970709597]"
Goldeen,"[14.477299168917073, 6.202867018918084]"
Jolteon,"[21.4781030792484, 9.454134825935101]"
Parasect,"[23.567210259581334, 0.42633591800032344]"
Golem,"[38.51975383425304, 0.8719321615685827]"
Cubone,"[25.512116667928396, 0.9137025770417873]"
Wartortle,"[29.176882672832424, 2.2641710501617585]"
Jolteon,"[2.411565375509759, 6.5526087202130165]"
Growlithe,"[7.237399729874809, 4.828515581053885]"
Wigglytuff,"[11.87364776454781, 0.33267819409283583]"
Machoke,"[17.010221760925738, 3.246318272380724]"
Slowbro,"[3.254957921500603, 6.081890874051358]"
Pidgeotto,"[39.38942228665716, 4.671090544300488]"
Dugtrio,"[31.154741189349835, 4.04721501148194]"
Krabby,"[30.46191382722988, 3.4369559042847553]"
Butterfree,"[38.66139058497504, 8.256974982692874]"
Poliwhirl,"[5.181277599358682, 7.711437947816382]"
Weepinbell,"[22.36955931812499, 4.529655002946016]"
Gengar,"[11.64731918318299, 8.480523398263186]"
Marowak,"[35.31843246437148, 3.6003471814360886]"
Raichu,"[16.086560391812714, 8.961185595357263]"
Koffing,"[6.902142143185657, 6.459196407369493]"
Psyduck,"[24.988325745273954, 4.235952787878329]"
Victreebel,"[35.426160157144196, 7.509966362336878]"
Krabby,"[33.15196561417649, 8.005421110620707]"
Lickitung,"[6.739903012262909, 6.921797154204753]"
Kadabra,"[16.185672987980467, 4.527546120639224]"
Graveler,"[3.66826106684933, 0.3766703727559051]"
Nidorina,"[38.316140032484206, 2.1285572037518907]"
Venomoth,"[9.308242881817677, 3.810127981121343]"
Clefairy,"[11.43760477544523, 0.23863113872155672]"
Arcanine,"[14.225688965988343, 9.04750595514656]"
Rhydon,"[1.2316835576262397, 5.780815801921209]"
Dugtrio,"[31.63073684708462, 6.0818423141034925]"
Scyther,"[37.973425013702936, 6.174278323137477]"
Magikarp,"[31.56141954086881, 1.0698691873874688]"
Magnemite,"[6.290965955700338, 1.1162083462256644]"
Nidoking,"[7.398936407175345, 9.340600104694666]"
Scyther,"[38.63957126199719, 1.912525133169084]"
Lickitung,"[38.57941148382083, 7.695661443472288]"
Drowzee,"[31.613143434823844, 6.486278210964133]"
Ekans,"[0.6193827836022603, 8.430905066689906]"
Articuno,"[21.239471860943155, 9.831243410518372]"
Chansey,"[34.03588862265889, 6.591881066394535]"
Cubone,"[34.09889002150044, 0.16494453107058438]"
Electabuzz,"[24.277989523553714, 7.555689484394791]"
Machamp,"[29.99982827105036, 0.6047226595407584]"
Kangaskhan,"[7.569842020366471, 4.009246656812593]"
Tentacruel,"[12.986889663176061, 3.0246883587079587]"
Ivysaur,"[4.892279639648951, 9.300434654279185]"
Oddish,"[32.45022666755866, 6.94538993309814]"
Shellder,"[18.95143952652785, 0.946765602840488]"
Hypno,"[32.9755620829069, 8.0799801591873]"
Weepinbell,"[12.211555317972934, 3.3274595827770295]"
Gloom,"[24.214781036373996, 7.145643201211448]"
Pidgey,"[30.549138829789733, 6.515884560751481]"
Nidoqueen,"[22.93519274642302, 7.295610801515319]"
Raichu,"[26.88467754186555, 4.8715664898984254]"
Doduo,"[39.326419867179865, 8.460931573423064]"
Pikachu,"[0.03647597932136204, 2.0425969496100937]"
Jolteon,"[35.7913158823381, 9.815952138046597]"
Scyther,"[1.6591235506556679, 4.424192684149717]"
Shellder,"[19.565060413501605, 5.0861414314920115]"
Krabby,"[14.166785928111864, 1.0092881649562147]"
Weepinbell,"[5.426711449446722, 0.47742321044963676]"
Ivysaur,"[22.63467405654225, 5.096112779044172]"
Golbat,"[28.885472140255104, 1.1695798186900153]"
Kabuto,"[24.640715998567337, 7.591847100489442]"
Vileplume,"[8.453811586527763, 8.461124303704038]"
Muk,"[1.7623245870194282, 8.488850843843727]"
Kabutops,"[13.485697403561282, 8.89376591710911]"
Lickitung,"[28.61949766827314, 3.6536420296088954]"
Vulpix,"[21.944555105052753, 1.672699331649462]"
Jolteon,"[1.6757025666085346, 6.29302858089294]"
Doduo,"[0.9896396322735823, 3.111945817460829]"
Mr. Mime,"[12.844314928042536, 8.772355061515787]"
Gastly,"[24.794336514409938, 1.907880983879624]"
Haunter,"[0.5615140680722464, 8.470664601836889]"
Golduck,"[27.654902893289183, 1.3108592356912108]"
Arcanine,"[35.47501959036171, 4.301040731412335]"
Kakuna,"[28.67251467839294, 1.547424288915883]"
Nidoran♂,"[37.958588462817374, 8.722656532814993]"
Cloyster,"[17.733792356514506, 2.7603798759259446]"
Nidoqueen,"[21.18256834886286, 5.160009631177372]"
Machamp,"[23.520154927919737, 1.9014088401494678]"
Primeape,"[10.10726359425005, 1.0359031159457932]"
Diglett,"[14.082682553226938, 8.329930683582488]"
Graveler,"[32.89228757122534, 9.188307928427715]"
Vulpix,"[20.8436397067184, 7.109608688469881]"
Farfetch'd,"[37.87361917872708, 1.7039456935396458]"
Arcanine,"[26.053657356158986, 0.7869372342569414]"
Nidorina,"[5.749843105385732, 5.471448496119597]"
Gyarados,"[4.403883686141272, 4.00453419982218]"
Moltres,"[17.495927515053754, 2.8016196457500717]"
Ditto,"[22.148553727196514, 4.781251602907267]"
Golduck,"[13.98436205821406, 0.27257722033891096]"
Pinsir,"[25.685000030422103, 8.311346346504042]"
Magmar,"[2.5683265773671815, 6.6126243795576976]"
Charmander,"[33.088477443018114, 3.305946732479791]"
Hitmonlee,"[39.80744009305813, 1.637385907817026]"
Vaporeon,"[33.43370068786296, 6.011415357801995]"
Rattata,"[4.5113852016867595, 5.229837580104704]"
Porygon,"[22.90798134174333, 6.185887091574496]"
Nidoran♂,"[33.599938712854645, 2.9807972628007007]"
Alakazam,"[6.794512594422577, 3.4022883539906177]"
Dewgong,"[39.109325040775815, 0.321605304135939]"
Omanyte,"[14.77172662895024, 6.233960353025896]"
Pidgey,"[13.415241061025132, 6.019900261325639]"
Dewgong,"[11.937426471818995, 5.854407120766009]"
Omastar,"[11.771446398628829, 7.454038034996059]"
Seadra,"[4.132613012402246, 4.3970432399257176]"
Rapidash,"[3.903615985027389, 4.199421134574516]"
Beedrill,"[36.006161557060764, 6.854576411303439]"
Dewgong,"[24.23231785812616, 2.972500232771619]"
Alakazam,"[39.18109720120819, 8.295840379440339]"
Starmie,"[21.594030899344382, 2.61516983337174]"
Seaking,"[27.92056286276811, 6.982682104779633]"
Venomoth,"[16.427972651172457, 1.5878090022964408]"
Arbok,"[21.59319762066703, 4.118613048142254]"
Venonat,"[6.385503811157269, 3.3535342699361568]"
Snorlax,"[21.70657842501131, 6.85157752592283]"
Raichu,"[19.562772889323554, 3.7746098404078907]"
Omastar,"[2.509780959745034, 5.447692671224054]"
Gastly,"[32.4100102575169, 9.049083264335302]"
Electrode,"[13.402055728487262, 6.265957730875112]"
Victreebel,"[1.111596333689473, 8.906817172139245]"
Kingler,"[33.81643841592847, 5.025191424366087]"
Hypno,"[12.358112948307314, 9.876380702132108]"
Vaporeon,"[26.774610277506095, 6.388295657074963]"
Weezing,"[10.065315363793035, 2.166943416700952]"
Weepinbell,"[18.184651289194825, 6.636971386003982]"
Gyarados,"[34.965552299520446, 2.011055241601989]"
Blastoise,"[7.874821990067233, 6.622786178995924]"
Ninetales,"[20.29395367707881, 9.424709322117822]"
Jigglypuff,"[2.9938754434484283, 8.341546440503256]"
Nidoran♂,"[3.8739923077989724, 3.8671538667888705]"
Graveler,"[5.149499146365932, 6.937649506289362]"
Victreebel,"[16.21522982430596, 3.8144466494997333]"
Poliwag,"[6.495885820044189, 5.030672887750657]"
Nidorina,"[36.68236196931445, 0.05014987868939502]"
Marowak,"[18.487957723256763, 5.124347367457052]"
Kadabra,"[12.23576801599972, 2.7740280644038853]"
Victreebel,"[2.872864469015237, 9.206010813096368]"
Tentacool,"[36.67767794299277, 0.35844347973001955]"
Venomoth,"[19.136828656867472, 2.2490375891745606]"
Kangaskhan,"[6.435661086332201, 9.201304752787184]"
Weepinbell,"[36.292281125509405, 7.631032355100652]"
Beedrill,"[16.71481483303223, 7.504297393507868]"
Machoke,"[12.952222802681895, 7.97710944916324]"
Fearow,"[16.579140904433242, 4.405156649658979]"
Bulbasaur,"[11.885069760613675, 8.494404231466058]"
Lapras,"[31.29266268402311, 6.4440460109436195]"
Spearow,"[30.682732114390568, 9.49450461672111]"
Golbat,"[36.801610184490876, 5.50525792459382]"
Charmeleon,"[26.104400589581083, 4.651975930005547]"
Wigglytuff,"[3.8606661628863437, 7.547994899480219]"
Dratini,"[36.02044200478553, 8.831827167426743]"
Dragonite,"[21.321209658337423, 9.529716771275172]"
Haunter,"[39.572908152992895, 4.954495491419691]"
Kingler,"[37.727381105277885, 6.721334824495634]"
Mew,"[30.939598623046024, 9.584096655861675]"
Golem,"[27.406542789276497, 9.95050527524309]"
Tangela,"[0.06328498514706293, 1.6189169866591158]"
Kakuna,"[3.011186494358342, 3.821378418857898]"
Cloyster,"[36.898771044376495, 7.66084794292246]"
Doduo,"[3.7537673235910907, 4.892904927162631]"
Sandshrew,"[12.766541716228872, 7.2243814466099066]"
Starmie,"[29.921139829387037, 8.982289962330873]"
Tauros,"[1.0251480838661076, 5.2755118799836165]"
Kabuto,"[13.767283893983734, 5.146883173281759]"
Arbok,"[7.678516764857375, 2.921405945635711]"
Onix,"[25.750639672057368, 9.45062592893388]"
Clefable,"[1.3293867349075095, 7.9830054025931805]"
Gyarados,"[26.456234195916068, 7.045070272741137]"
Mankey,"[25.913984970809484, 5.407566301093475]"
Kakuna,"[37.61003591263012, 2.756929347970707]"
Dodrio,"[6.974622282327214, 2.312707264725665]"
Tauros,"[11.202062824045722, 0.25060441262060196]"
Snorlax,"[10.820006858459967, 8.268527090900745]"
Articuno,"[31.773659486595342, 8.0773726437072]"
Poliwrath,"[20.637160977833492, 2.1170598123395012]"
Chansey,"[4.881973457513427, 0.48744753092408555]"
Muk,"[19.404003874355435, 9.321207297035798]"
Mankey,"[3.6787401376211726, 8.801700114909536]"
Abra,"[33.39181964501192, 3.743294798922082]"
Raticate,"[6.896835834164454, 4.085310914176578]"
Bellsprout,"[8.37061045506859, 8.11217227403684]"
Doduo,"[1.322158857446829, 1.7091123555396226]"
Rapidash,"[11.239853277059005, 7.890574136502279]"
Wartortle,"[14.872666085235174, 5.961883588651395]"
Seel,"[17.593588193699965, 7.3716753239225685]"
Nidoqueen,"[28.203989657358633, 0.786506354734815]"
Hypno,"[24.705059281946497, 8.198212024611085]"
Persian,"[6.214533295203517, 3.630740104182265]"
Butterfree,"[36.65705910160292, 0.4472794877192199]"
Graveler,"[25.67806009603509, 6.4654059377003215]"
Magikarp,"[34.13395365360821, 2.7507780948556917]"
Tauros,"[24.32283814067473, 8.433905961987026]"
Mankey,"[28.052531875531503, 7.08623959753357]"
Electrode,"[18.56101087924056, 3.340372670567453]"
Nidorino,"[7.853732052028906, 8.903347508573914]"
Mewtwo,"[29.318977411076542, 4.209524580616954]"
Nidoran♀,"[39.9150552374094, 6.66218133597363]"
Ivysaur,"[3.544700938652996, 4.4548534509424655]"
Abra,"[31.42571103691871, 5.607037772527948]"
Bulbasaur,"[37.493761679261624, 0.15734081710215397]"
Lickitung,"[20.489400948820542, 1.2275549310137246]"
Wigglytuff,"[21.440907379479928, 1.6438571151712533]"
Magneton,"[16.275591233800636, 9.358286370628697]"
Rhyhorn,"[3.8958550920253465, 3.438563987950962]"
Vulpix,"[7.463087215835742, 5.8329742119915595]"
Psyduck,"[10.224430295014265, 0.664741176391721]"
Vulpix,"[26.22967748862593, 2.5630405153572022]"
Dragonair,"[24.234925568138827, 9.878924271149529]"
Staryu,"[0.14609377276969315, 2.6380504832044793]"
Fearow,"[20.563546880479464, 1.0756055814590204]"
Parasect,"[5.051512378090397, 0.20999785714239327]"
Dodrio,"[13.299052503093547, 8.58041637177574]"
Growlithe,"[19.5817790189693, 5.799138439045245]"
Machamp,"[4.429690508329749, 0.5641211292176407]"
Beedrill,"[26.71196319906725, 9.859169762753218]"
Persian,"[28.569049282638616, 6.5679333659982735]"
Staryu,"[15.584934748930301, 8.831302635059062]"
Ivysaur,"[29.60771648888872, 0.5474826195679938]"
Ekans,"[38.27769266974286, 0.3250635111090583]"
Dodrio,"[12.032045096463984, 5.782125765894149]"
Muk,"[37.682378163821106, 7.491441443312011]"
Slowpoke,"[32.71639815353324, 1.4378961529762424]"
Kangaskhan,"[1.3289156501293586, 6.66978258921894]"
Golem,"[11.758214295229177, 0.019740411156189408]"
Bulbasaur,"[16.676679591509107, 7.872765057281982]"
Hypno,"[34.8788071402411, 1.5761785608308465]"
Sandshrew,"[5.322451915350346, 5.861456752317077]"
Psyduck,"[39.43644723377208, 2.3337791513919792]"
Golduck,"[6.290595456954908, 0.6054807031855891]"
Seel,"[26.79708974914186, 9.682437758712393]"
Kabutops,"[23.942998816998756, 3.8407045653549066]"
Psyduck,"[38.38758886863634, 6.45402291758903]"
Ponyta,"[5.294448909381697, 3.7997662257756923]"
Doduo,"[26.35211828781682, 4.873901234051927]"
Raticate,"[9.891271750143233, 9.96082362486715]"
Pidgeotto,"[22.143936825707836, 6.898298937258493]"
Bulbasaur,"[18.200269788284466, 4.687226282225701]"
Zubat,"[2.563867319056383, 7.350109150652254]"
Nidorino,"[8.964865592269927, 4.153813338787021]"
Slowpoke,"[4.378481550823268, 8.21412423516348]"
Caterpie,"[34.388289180955425, 6.474937689412602]"
Porygon,"[31.211524384074814, 5.41062963061944]"
Hypno,"[10.149479231745659, 8.717023793071935]"
Drowzee,"[5.534281919419981, 2.9236280645526413]"
Charizard,"[23.864233784028617, 5.207541521755]"
Venomoth,"[4.294778399734471, 6.761883762876043]"
Magnemite,"[36.888070550224015, 8.417937642079066]"
Vaporeon,"[9.883576753071367, 8.521574818172299]"
Kadabra,"[9.525909258177716, 8.246887887224094]"
Kabuto,"[32.97023405170633, 7.433922925142856]"
Arcanine,"[19.715188456352905, 2.371183451307919]"
Omastar,"[20.031862771540943, 0.8585750622450117]"
Magnemite,"[21.922937602562044, 7.809450758873968]"
Tangela,"[33.8336261288592, 3.289716345582537]"
Charmander,"[25.409959337918423, 1.8607830550562698]"
Dodrio,"[39.013890896527464, 4.44967079979185]"
Abra,"[1.4474112735169298, 4.673001244694658]"
Golbat,"[14.770539641094672, 3.5959009611538684]"
Dragonite,"[6.964821941312036, 8.789987950195577]"
Alakazam,"[6.97739831491099, 9.037691383158947]"
Pidgeot,"[9.433422946697863, 5.49186475480135]"
Graveler,"[13.48669510458906, 0.3365697441178239]"
Magneton,"[36.165978929720715, 5.251422238228967]"
Diglett,"[7.447727486433133, 6.994025123750265]"
Arcanine,"[32.44704223861164, 9.799913398723639]"
Dratini,"[21.133880768876026, 0.35625253503577037]"
Articuno,"[38.78233940445897, 2.8464611386904237]"
Gloom,"[24.103893038586083, 8.510479104945395]"
Drowzee,"[23.236719570435657, 7.4577074807713615]"
Gyarados,"[21.533257492785935, 1.9993544008038522]"
Ditto,"[24.78192622294057, 4.52856084561291]"
Ekans,"[3.2135813313628114, 9.8489236396904]"
Eevee,"[30.50627051288481, 5.113335339293323]"
Diglett,"[10.332428175858217, 1.0123672973443143]"
Arbok,"[10.906466524130579, 1.8404986519466093]"
Horsea,"[19.052524960703764, 2.719700025520825]"
Charmander,"[31.071078258900457, 5.472711246196333]"
Kakuna,"[37.50951066244039, 1.1559290849338988]"
Scyther,"[36.77022930916097, 3.9387656553630745]"
Omastar,"[30.551488816924852, 4.9112444026447735]"
Sandshrew,"[7.691435138017981, 6.325981984311254]"
Seaking,"[24.325651150873657, 9.822636009235437]"
Bellsprout,"[34.22526092215835, 3.794719689194456]"
Voltorb,"[29.65991761155207, 9.573143804778738]"
Weepinbell,"[9.305838209175135, 0.8182913780035539]"
Arbok,"[29.52819862085901, 6.6536500538625765]"
Golem,"[21.515842640883875, 0.9913929897232576]"
Snorlax,"[32.84308155125, 4.782029736618005]"
Raticate,"[27.460758031750103, 7.7902827162392]"
Koffing,"[10.471060494366927, 0.6728808616180493]"
Machop,"[28.26744044197648, 8.535147328114071]"
Tangela,"[19.46523330770658, 0.7397236966861076]"
Rhydon,"[19.43467948814476, 7.000867279061367]"
Vulpix,"[34.86637006744618, 5.5172583102764206]"
Chansey,"[5.278506585398199, 5.558182755430164]"
Rattata,"[19.820051379198674, 9.828291856824812]"
Gyarados,"[18.594451024652972, 6.2779145302002775]"
Dodrio,"[6.45402266817837, 8.301003518360133]"
Diglett,"[17.781898182111963, 1.4734313809044397]"
Dragonite,"[28.65392078357207, 0.323233803828733]"
Onix,"[19.394014497390657, 3.9579265282021723]"
Zapdos,"[39.88184476026524, 7.617392369514558]"
Dratini,"[6.811742056026975, 1.6735829541899228]"
Nidorina,"[2.1056299489407104, 7.655632764149701]"
Nidorina,"[13.069515565090622, 8.015730788521507]"
Hitmonchan,"[1.9525915397824756, 5.351597803869624]"
Drowzee,"[10.672294438801737, 6.870713555070608]"
Hitmonchan,"[17.558511586474616, 6.4130346484815925]"
Electrode,"[25.312517090406168, 0.03794167055454878]"
Vileplume,"[13.161354756039692, 5.602313924738832]"
Gyarados,"[7.767416413686825, 2.253453317015218]"
Wigglytuff,"[23.73070437783388, 3.829241158126048]"
Zubat,"[19.746969949613046, 0.9438901546257561]"
Persian,"[25.086581387061916, 2.9984537351076925]"
Flareon,"[30.35986755290384, 7.85200050369051]"
Magikarp,"[17.378878168301565, 8.533282911437386]"
Magmar,"[17.818179509495316, 9.002553000971503]"
Doduo,"[35.56670785077869, 3.7823514503422793]"
Hitmonlee,"[25.295952198853108, 9.577103974323965]"
Weezing,"[29.481494355112275, 6.143462092796054]"
Kingler,"[2.7642312993080997, 4.561105637400944]"
Nidoking,"[32.67171850584876, 9.205839288827754]"
Charmander,"[7.694063359991974, 3.0868846555831055]"
Dragonair,"[23.038043768995692, 2.978425428775836]"
Tentacool,"[11.447501952322243, 4.448389637095058]"
Paras,"[29.66159247437271, 3.967883227101079]"
Hypno,"[25.286010643292578, 4.094667754056614]"
Kadabra,"[21.01248935757173, 1.820455858954595]"
Goldeen,"[20.39502943446883, 0.7856572839184761]"
Dodrio,"[18.1799021518866, 8.27566085044211]"
Ekans,"[15.034624391147013, 1.3776686245247738]"
Zubat,"[15.35599107088827, 5.913868452633854]"
Clefairy,"[18.118114915460755, 7.444387787281298]"
Seaking,"[35.25886613650459, 8.293255596020941]"
Kabutops,"[33.5580365292208, 0.06599213701760087]"
Jigglypuff,"[21.27428303746602, 0.5606212033460978]"
Metapod,"[38.00673678413918, 1.398957201330051]"
Arcanine,"[19.03549559066912, 6.179319163719141]"
Pidgeot,"[23.778741195116936, 9.256421639512496]"
Machop,"[12.580982808318538, 3.450324275099974]"
Charmeleon,"[18.942836118768803, 3.518253756523092]"
Machoke,"[15.209374171694051, 9.39280108586274]"
Venusaur,"[1.4773196554434698, 5.857273920126927]"
Goldeen,"[8.909226507448139, 0.35328809592095833]"
Sandshrew,"[14.698100396201745, 0.5068676769268166]"
Poliwrath,"[26.991116152775156, 0.5854164810058526]"
Kabuto,"[11.750951082063473, 4.22285470875691]"
Seaking,"[16.58582019225381, 9.44279510366403]"
Gyarados,"[6.593993140175671, 8.3988891498532]"
Magmar,"[6.487179239061498, 4.462968972334713]"
Nidorino,"[12.943744580768337, 6.8015008072606795]"
Starmie,"[18.746849978397787, 0.8254238241820222]"
Dugtrio,"[21.50294989680223, 6.353118110759083]"
Raticate,"[13.40066151134707, 1.726415843586132]"
Moltres,"[32.03878999025144, 2.035483443085544]"
Raichu,"[2.0545987578045644, 3.528551265238261]"
Hitmonchan,"[14.166242556353463, 6.158728852974438]"
Weepinbell,"[0.7101915400480108, 1.6451152315373918]"
Venusaur,"[31.709366643280514, 0.2040974483482494]"
Starmie,"[10.541010600686738, 9.651059274702085]"
Drowzee,"[18.681797886293317, 9.512798271123755]"
Jigglypuff,"[32.36808833377331, 3.2568998011547565]"
Seel,"[29.30560507403427, 2.7063710496725]"
Jynx,"[16.19551481497655, 4.585707524022063]"
Dragonair,"[24.11216869894419, 5.084092452554429]"
Abra,"[37.98198396106971, 2.9892832946315453]"
Chansey,"[11.885512224088203, 7.936412589997728]"
Starmie,"[26.591467771211, 2.0208390027403844]"
Wartortle,"[14.581976152439289, 3.6542397368495894]"
Nidoran♀,"[17.804617002818365, 3.506348498949776]"
Lickitung,"[4.053304483807434, 1.0897466786185828]"
Jigglypuff,"[7.242980183896033, 0.8442988891156311]"
Lickitung,"[23.44996231068951, 4.9761531232888325]"
Butterfree,"[19.85750038623866, 1.582440390791826]"
Voltorb,"[14.026797003098883, 6.624139162244052]"
Weezing,"[3.35353163469136, 1.2089737976912684]"
Lickitung,"[19.989959241575818, 8.072628726777914]"
Jolteon,"[9.309939556772013, 6.616817272383494]"
Porygon,"[21.430026969377224, 7.14345701382599]"
Articuno,"[25.391779702305254, 5.400008244135405]"
Vileplume,"[2.2024919974866464, 3.662918368465639]"
Alakazam,"[17.85749235558368, 2.3310831119442907]"
Bellsprout,"[7.028842074990269, 5.838907321339855]"
Mr. Mime,"[20.05678401966561, 7.264890068625228]"
Articuno,"[9.79342058734102, 5.7753327656525855]"
Shellder,"[13.472311324970793, 4.383252592926043]"
Gengar,"[27.463861221289754, 8.281244688379203]"
Snorlax,"[19.684352537423784, 7.3071438914207665]"
Sandshrew,"[14.073017373978573, 6.936940615582169]"
Exeggutor,"[27.48909410060253, 7.785431950877015]"
Doduo,"[12.990895723558062, 1.6712310727287205]"
Fearow,"[27.445364880007787, 7.2623711640454225]"
Exeggcute,"[21.801892785190155, 1.5084877094091587]"
Paras,"[11.276011492376252, 1.937232502057965]"
Magikarp,"[3.9789588467969095, 6.568210202710418]"
Weedle,"[39.44790742789395, 6.04764867160132]"
Moltres,"[14.747182477770275, 8.20593234106813]"
Dratini,"[27.490220600354025, 6.9407177339464585]"
Tentacool,"[9.325961082814338, 6.272479020914739]"
Magikarp,"[33.867839908098226, 8.793681819100001]"
Rhyhorn,"[3.7075864618834853, 2.40140484990547]"
Hitmonlee,"[34.770626670358695, 8.45206881583168]"
Bulbasaur,"[28.736956859352574, 2.248622561501005]"
Bellsprout,"[3.6064142163739943, 1.0777630551517337]"
Tauros,"[0.0341737936771036, 8.976478518453625]"
Venonat,"[32.90425110997013, 2.6627384263783496]"
Wartortle,"[24.125757186138856, 7.85310966586297]"
Koffing,"[33.56213518596802, 6.812984815632993]"
Gengar,"[22.169658584151193, 4.788120924510605]"
Butterfree,"[15.569994962272835, 6.721650330160558]"
Growlithe,"[5.341246011201135, 7.977285649833481]"
Articuno,"[0.28416244798564083, 2.131544459057916]"
Articuno,"[30.850415237745214, 8.369854156255514]"
Eevee,"[20.060090024321028, 6.6218169550264525]"
Gengar,"[21.230963700631666, 5.000625323646917]"
Slowpoke,"[5.329218958476085, 7.034885861290995]"
Kingler,"[2.1720247545262916, 5.794663414746349]"
Tentacruel,"[29.767406563426945, 9.34000371894254]"
Jigglypuff,"[17.28917842413118, 0.8390825978464977]"
Kadabra,"[2.0395288409975665, 8.438292286710043]"
Oddish,"[5.807357085826581, 3.6016816029056886]"
Weezing,"[30.191390391981, 7.393786411094013]"
Golbat,"[3.956476099614825, 3.9032688264028925]"
Marowak,"[27.93663633929397, 5.881508181743306]"
Alakazam,"[37.49011362284861, 1.6169352758495636]"
Doduo,"[33.02218191162334, 1.6616381707360461]"
Nidoran♂,"[33.93600823843275, 2.2091393659617298]"
Dewgong,"[37.38596556677147, 1.9368465253622336]"
Weepinbell,"[35.973658252051294, 3.865616471818145]"
Growlithe,"[9.203441435874122, 7.62962693203087]"
Exeggcute,"[8.239142679591577, 1.5543365218605698]"
Charizard,"[24.762317478473143, 3.6906102621171666]"
Machamp,"[23.1058902057536, 5.1021762698915465]"
Mewtwo,"[36.684017704881065, 9.52533047079655]"
Charmeleon,"[0.05310017714857729, 0.7435076839591537]"
Grimer,"[7.092976392223598, 4.8246125677937215]"
Blastoise,"[39.720794285989854, 7.603846861757125]"
Graveler,"[18.763233347354355, 2.425187110045528]"
Lickitung,"[27.720283513062924, 5.9656067655565685]"
Clefairy,"[6.077998673614893, 9.163550677021016]"
Muk,"[39.27952857351768, 8.492518171363558]"
Rapidash,"[39.605503956997985, 0.22095068591822975]"
Golem,"[30.122253095488908, 2.772136805164237]"
Golbat,"[4.4582591649256775, 2.143496481894865]"
Rhyhorn,"[13.89656056920697, 9.133169717857035]"
Pidgey,"[18.383754068841714, 2.475662416169807]"
Hitmonlee,"[33.49687718557244, 4.985409288917734]"
Magnemite,"[15.497663124550801, 8.75964014922876]"
Articuno,"[39.36062124436, 2.714867157534133]"
Weezing,"[7.618595396946515, 9.915806575538666]"
Tentacool,"[1.5430126861185656, 0.7507203720894629]"
Omanyte,"[36.05225140531908, 9.449283527691104]"
Arcanine,"[27.579186131124672, 9.955304580994369]"
Poliwhirl,"[37.89715409368291, 4.606905294186432]"
Clefairy,"[30.619302002955422, 2.2470052318025315]"
Machop,"[0.8606615547703989, 3.990608024756704]"
Seadra,"[14.384753317046034, 4.2778831347063235]"
Eevee,"[6.397190777058657, 9.89928213061928]"
Golduck,"[21.33704397702867, 2.0079000853457583]"
Weedle,"[26.51247363212372, 9.67977417049669]"
Electabuzz,"[27.140526678191552, 1.5697979897127812]"
Hitmonchan,"[1.2659531186974649, 3.3680898313651406]"
Alakazam,"[18.677496793509473, 5.613092203434156]"
Psyduck,"[21.40555343123826, 8.630454631086655]"
Eevee,"[23.5408218529544, 4.906589548012613]"
Tauros,"[1.987131031021967, 6.401718494493769]"
Muk,"[35.12235291401179, 2.445696103588688]"
Growlithe,"[12.740675148570336, 7.183908939429719]"
Omanyte,"[38.75366603228802, 7.273089230812397]"
Zapdos,"[18.729454646908053, 9.41263115022531]"
Weezing,"[39.04824489360052, 9.826378934805929]"
Eevee,"[0.9318301073622504, 0.5575711324644095]"
Charizard,"[31.80470921671485, 7.315127029287717]"
Machoke,"[11.034232271909751, 2.7925984392458183]"
Slowpoke,"[12.405717658707935, 1.8646131972857038]"
Blastoise,"[25.269106973999243, 7.616443907810987]"
Growlithe,"[11.841103216842459, 2.2409858203964594]"
Aerodactyl,"[16.939712836576252, 6.201162119037726]"
Weedle,"[8.83771058127965, 6.167166184365325]"
Nidoran♂,"[10.065391635813619, 1.1101893372781568]"
Clefable,"[25.477611729124888, 7.582982872948553]"
Poliwhirl,"[9.560374700128097, 4.021495879729108]"
Poliwrath,"[39.123061787721134, 5.467124404423018]"
Cubone,"[21.869987459765497, 9.64240223403038]"
Magnemite,"[8.747687985951842, 6.309283189492434]"
Metapod,"[33.67597927973363, 4.965505361301069]"
Gyarados,"[24.450781932720016, 5.795091491723774]"
Drowzee,"[14.535853452006172, 3.0704473763706064]"
Tentacruel,"[30.51997917289893, 2.01285959666483]"
Kingler,"[19.242823348153273, 7.841739834536403]"
Dragonite,"[21.66403532964447, 4.730023355516378]"
Muk,"[30.661188519812853, 2.5637524695589695]"
Kangaskhan,"[29.181166645347037, 7.068466654733441]"
Mew,"[21.126379804527566, 3.359271896047148]"
Rhyhorn,"[29.363198712245385, 3.504312960241658]"
Tangela,"[26.341654611529037, 4.288213817672657]"
Clefairy,"[22.055429790075127, 9.006277040736888]"
Parasect,"[26.377163650958746, 2.5344272351883723]"
Vaporeon,"[16.961489194502658, 6.35038915196517]"
Rapidash,"[23.095593370822996, 1.6098141932263443]"
Cloyster,"[6.503909089573137, 8.928729924193327]"
Nidoking,"[13.092165554641433, 2.106747742672784]"
Ivysaur,"[32.10040649994012, 9.93186234161996]"
Machamp,"[24.11844459998107, 3.733759154364009]"
Nidoran♀,"[19.337343246201065, 5.356617643522819]"
Nidoking,"[3.527936151404747, 5.640368918716918]"
Clefairy,"[27.72633267989376, 1.5740134245479809]"
Rhyhorn,"[23.110125840765274, 3.2550778839845917]"
Nidoking,"[8.003161233674959, 5.655057785078647]"
Sandslash,"[5.177598868373612, 0.4823794549209537]"
Omastar,"[20.74088159965674, 8.773941901379304]"
Weedle,"[16.012761936271666, 2.8376002388312074]"
Shellder,"[22.654576162518847, 7.184829919399039]"
Raichu,"[15.8194441653321, 7.875783563682872]"
Mewtwo,"[26.404687544923462, 6.071615989772231]"
Onix,"[1.0492571448810306, 4.077501601859669]"
Staryu,"[28.899887478883954, 4.981542279001339]"
Venomoth,"[23.87788822345422, 5.077519683424629]"
Sandslash,"[22.910116772227205, 5.93217410244574]"
Gastly,"[34.50817061536776, 6.600799644131293]"
Fearow,"[31.63070049395561, 2.87045169703113]"
Raichu,"[26.68233544835377, 2.264514850756699]"
Mewtwo,"[13.911544762056645, 4.891471151306247]"
Doduo,"[36.169775115284246, 8.964128568644941]"
Kakuna,"[25.57440689382431, 4.856377619866411]"
Mewtwo,"[26.801038990212348, 1.6943114268692017]"
Seaking,"[18.46357294855249, 2.1869873902767756]"
Machamp,"[22.894420758730707, 6.587071231681538]"
Cloyster,"[0.06047848573546677, 3.7986638058431845]"
Raticate,"[37.66874205552838, 8.461432504443335]"
Snorlax,"[18.948428851169353, 7.050964315120829]"
Diglett,"[9.328130340857319, 7.799390397561528]"
Machop,"[36.65493548118203, 6.718977006692253]"
Flareon,"[26.83611488686399, 2.869112578408318]"
Mew,"[0.5454473172631458, 1.998712700662264]"
Marowak,"[39.948251330199376, 5.223448672485541]"
Moltres,"[24.41469091761401, 3.530743595646956]"
Eevee,"[9.379951421964524, 1.5018711543427898]"
Nidoking,"[33.5569152378113, 0.0075619166837903595]"
Marowak,"[12.247811266889958, 0.9052534596184236]"
Bellsprout,"[20.094544624012155, 3.9705806613867143]"
Kabutops,"[22.75287191090479, 2.4613092454818353]"
Oddish,"[28.31552612263887, 1.4806502274628086]"
Zubat,"[39.9450277762616, 4.470335047126418]"
Beedrill,"[31.185672092453967, 0.12354269715002975]"
Geodude,"[20.91668456377424, 1.7755683587287951]"
Charizard,"[20.081280847250657, 7.924416910090165]"
Rapidash,"[27.579613479934526, 4.7552806557460165]"
Gloom,"[26.462489741753647, 2.327533338945731]"
Zapdos,"[13.224616036630202, 2.8683113362373303]"
Golbat,"[21.031560830260606, 8.402023104531262]"
Omanyte,"[29.088411553346685, 8.155937574408958]"
Golbat,"[2.788988376083714, 2.9110276575009806]"
Nidoqueen,"[34.95908759912211, 6.291926452017388]"
Kingler,"[29.25696515100632, 2.1263926739366115]"
Marowak,"[21.418350952929636, 9.450635438495548]"
Magmar,"[6.918252598167993, 8.545091979740485]"
Poliwrath,"[2.8053330841382085, 4.2789683648631405]"
Spearow,"[29.532064857727836, 3.6214827681263797]"
Growlithe,"[37.558592939708646, 9.235521362070521]"
Dodrio,"[37.03297371135987, 6.757418288787596]"
Articuno,"[16.675636580865284, 3.0055815939030417]"
Machop,"[24.91475119173618, 8.291248453753653]"
Venonat,"[29.61434030214683, 8.839625883664189]"
Beedrill,"[22.637593101788454, 2.516075507729644]"
Sandshrew,"[19.757959851092618, 5.638068324070073]"
Arcanine,"[30.79489571405697, 0.03267463577600882]"
Meowth,"[17.18190914646762, 4.02333572671564]"
Butterfree,"[19.525702639119146, 3.1468127679745073]"
